name,cloudflare_name,created,updated,md5,frozen,chars,prefix
botfuzz-1,BotFuzz-1 2026-09-07 980b535cf62e,2026-09-07,2026-09-07,980b535cf62e,0,1936,"((http.request.uri.path contains ""/.git"") or
(http.request.uri.path contains ""/.svn"") or
(http.request.uri.path contains ""/.htpasswd"") or
(http.request.uri.path contains ""/.env"") or
(http.request.uri.path contains ""/cgi-bin"") or
(http.request.uri.path contains ""/graphql"") or
(http.request.uri.path contains ""/actuator"") or
(http.request.uri.path contains "".vite/manifest.json"") or
(http.request.uri.path in {""/build/manifest.json"" ""/dist/manifest.json""}) or
(http.request.uri.path contains ""/@fs/"") or
(http.request.uri.path contains ""/@vite/"") or
(http.request.uri.path contains ""/@id/"") or
(http.request.uri.path contains ""/@react-refresh"") or
(http.request.uri.path contains ""/__vite"") or
(http.request.uri contains ""../../.."") or
(http.request.uri contains ""%2e%2e%2f%2e%2e%2f%2e%2e"") or
(http.request.uri contains ""%2e%2e/%2e%2e/%2e%2e"") or
(http.request.uri.path contains ""/.well-known/"" and lower(http.request.uri.path) contains "".php"")) or
((starts_with(http.request.uri.path, ""/wp-"")) or
(starts_with(http.request.uri.path, ""/wp/"")) or
(http.request.uri.path in {""/wp"" ""/wp.php"" ""/wordpress"" ""/wordpress/""}) or
(http.request.uri.path contains ""/wp-admin"") or
(http.request.uri.path contains ""/wp-login"") or
(http.request.uri.path contains ""/wp-content"") or
(http.request.uri.path contains ""/wp-includes"") or
(http.request.uri.path contains ""/wp-json"") or
(http.request.uri.path contains ""/wp-config"") or
(http.request.uri.path contains ""/wp/"") or
(http.request.uri.path contains ""xmlrpc.php"") or
(http.request.uri.path contains ""/wordpress/""))"
